case_name,scenario,polarization,pos_id,x_m,y_m,label,valid_flag,valid_for_model,fp_energy_db,skewness_pdp,kurtosis_pdp,mean_excess_delay_ns,rms_delay_spread_ns,all_features_valid,gamma_CP_rx1,gamma_CP_rx2,a_FP_RHCP_rx1,a_FP_LHCP_rx1,a_FP_RHCP_rx2,a_FP_LHCP_rx2,label_cp7,label_match,valid_for_cp7_model,baseline_score,proposed_score,baseline_pred,proposed_pred,rescued_by_proposed,harmed_by_proposed,tag_id,geometric_class,material_class,penetration_loss_db,num_hits,hit_objects,hit_materials,criterion
CP_caseB,B,CP,22,0.75,-0.25,1,1,1,-63.0343276156632,5.50087578057937,61.1933801052869,2.14235317275795,2.22236190765463,1,0.317091818621197,1.98910037861002,0.310194213168612,0.28705841920578,0.327600137146172,0.16547611200984,1,1,1,0.997740864899309,0.999337762136775,1,1,0,0,T4,LOS,LOS,0,0,,,penetration_threshold
CP_caseB,B,CP,15,0.75,-0.75,1,1,1,-65.1575284863606,4.34972815663847,30.1000834650174,3.25958389341412,4.34453110726614,1,0.141514211758006,1.19630696516138,0.256203923335644,0.205353386430477,0.294652758116336,0.24422214901471,1,1,1,0.991584883938006,0.97730311891483,1,1,0,0,T3,LOS,LOS,0,0,,,penetration_threshold
CP_caseB,B,CP,8,0.75,-1.25,1,1,1,-67.0643403515219,4.32750557364988,28.5387725945659,3.75508595996378,5.11791545464654,1,1.14975742631263,0.67720437489183,0.331143379432282,0.158919366403981,0.287627545903632,0.266130636902166,1,1,1,0.954356871119276,0.972602175130129,1,1,0,0,T2,LOS,LOS,0,0,,,penetration_threshold
CP_caseB,B,CP,1,0.75,-1.75,1,1,1,-71.0491865901122,4.58223149519615,32.8777943868092,3.65422062931121,4.48897699903429,1,0.703876825260898,0.043232531092477,0.247563858729088,0.113303193262132,0.360469748602743,0.311432236067077,1,1,1,0.909588441752531,0.782118002786872,1,1,0,0,T1,LOS,LOS,0,0,,,penetration_threshold
CP_caseB,B,CP,29,0.75,0.25,1,1,1,-64.2666792834197,7.14191585760707,66.8868008929642,2.28880802000209,3.20644454548117,1,1.24122051545543,0.317501475435287,0.32571111915222,0.229654239626829,0.321158534447715,0.277286692869878,1,1,1,0.99856754980065,0.997947461534676,1,1,0,0,T5,LOS,LOS,0,0,,,penetration_threshold
CP_caseB,B,CP,36,0.75,0.75,1,1,1,-66.684684151421,6.33329832940502,50.8646093486104,2.62064780595407,3.99029533399025,1,0.873904012708618,0.0297860837325104,0.293940388924657,0.227468798031317,0.414435384478384,0.424810117579012,1,1,1,0.996913095073592,0.993212635105086,1,1,0,0,T6,LOS,LOS,0,0,,,penetration_threshold
CP_caseB,B,CP,43,0.75,1.25,1,1,1,-70.3087136077642,4.07224339812839,28.2972241970842,4.09900216296267,5.65537883293998,1,1.32423155867255,-0.0441450202514789,0.289146043385175,0.269075478459659,0.354919505261276,0.351571672843728,1,1,1,0.84289375902984,0.875415293353692,1,1,0,0,T7,LOS,LOS,0,0,,,penetration_threshold
CP_caseB,B,CP,50,0.75,1.75,1,1,1,-73.2371655270542,4.63576820587026,35.7154073029585,3.73721167165439,5.16255574494702,1,0.277521381250725,-0.174287721567211,0.359386343663199,0.313287454410196,0.286693824708681,0.23084804962331,1,1,1,0.764961947588216,0.924270381041232,1,1,0,0,T8,LOS,LOS,0,0,,,penetration_threshold
CP_caseB,B,CP,23,1.5,-0.25,1,1,1,-62.9106841625601,7.42555916081209,109.248656564885,2.52396961515625,2.76621595917478,1,0.266299956017718,1.21644895475826,0.365063962744766,0.34718106378997,0.381582418426363,0.293986626066207,1,1,1,0.99986730393805,0.999963809518929,1,1,0,0,T12,LOS,LOS,0,0,,,penetration_threshold
CP_caseB,B,CP,16,1.5,-0.75,1,1,1,-63.9673145077575,4.5543088835226,37.7944080762602,2.98428997771104,3.72497222991674,1,0.175567173447591,2.75691982904637,0.367169716517278,0.341594220488263,0.409627370082148,0.0690519511813393,1,1,1,0.989608477839648,0.999885269740257,1,1,0,0,T11,LOS,LOS,0,0,,,penetration_threshold
CP_caseB,B,CP,9,1.5,-1.25,1,1,1,-64.8835797791159,7.09759981045239,85.4368005257398,3.04120315273824,4.06370693522946,1,0.534491937828971,1.40388152874669,0.244151749851066,0.18551117657886,0.317922002133932,0.217786160422748,1,1,1,0.999218129220384,0.999158688418462,1,1,0,0,T10,LOS,LOS,0,0,,,penetration_threshold
CP_caseB,B,CP,2,1.5,-1.75,1,1,1,-67.477276204018,6.44282141849858,71.408320088693,3.33823194037139,3.56121522111815,1,0.750719142919264,0.719988610860292,0.257943176293421,0.128277873744673,0.289205400924424,0.213779287685853,1,1,1,0.997707253071725,0.996099580132515,1,1,0,0,T9,LOS,LOS,0,0,,,penetration_threshold
CP_caseB,B,CP,30,1.5,0.25,1,1,1,-64.0048509362148,6.20508952265222,54.4043446711689,2.6351360848193,3.22977910641822,1,0.718836165778259,0.421710337275977,0.37651663927442,0.347944119402695,0.370994709898763,0.334763356192848,1,1,1,0.999078503745633,0.999359248452072,1,1,0,0,T13,LOS,LOS,0,0,,,penetration_threshold
CP_caseB,B,CP,37,1.5,0.75,1,1,1,-66.8983797979089,5.11877062047321,40.176692562736,3.05251751894271,3.92361549276303,1,1.31331776828931,-0.00578005607616621,0.404268907281644,0.283554018433699,0.356896437473539,0.271129567989977,1,1,1,0.976861806942291,0.99430785743777,1,1,0,0,T14,LOS,LOS,0,0,,,penetration_threshold
CP_caseB,B,CP,44,1.5,1.25,1,1,1,-69.5156238873498,4.47881004296975,38.243971538077,5.35637736110544,6.44084886658402,1,1.95070265138022,-0.14845612194104,0.313595461297965,0.124387435219987,0.159108998591189,0.171722359156348,1,1,1,0.940064682905385,0.927933819802749,1,1,0,0,T15,LOS,LOS,0,0,,,penetration_threshold
CP_caseB,B,CP,51,1.5,1.75,1,1,1,-73.9498112904058,4.82305110523471,41.6193034825199,5.33310328044782,6.09340361630226,1,0.859672498454131,-0.663085338509639,0.28876035898183,0.236720751109402,0.122009816920519,0.153799359179408,1,1,1,0.779578774724711,0.804957474027273,1,1,0,0,T16,LOS,LOS,0,0,,,penetration_threshold
CP_caseB,B,CP,24,2.25,-0.25,1,1,1,-63.3917054292956,5.47713531651,43.90134752103,2.31500864554703,2.68312355847331,1,0.40939070018119,1.11081607464972,0.294467251300359,0.254699626586838,0.322603222413457,0.197257075001534,1,1,1,0.994821164306144,0.996562075128471,1,1,0,0,T20,LOS,LOS,0,0,,,penetration_threshold
CP_caseB,B,CP,17,2.25,-0.75,1,1,1,-64.6913337512379,3.98498729520973,32.2761806154532,2.54936886803296,2.32783141532406,1,0.436416812450924,1.64588789518281,0.349540726717717,0.242863159018967,0.392022238724352,0.105391111139134,1,1,1,0.991671668068486,0.998338717993926,1,1,0,0,T19,LOS,LOS,0,0,,,penetration_threshold
CP_caseB,B,CP,10,2.25,-1.25,1,1,1,-64.9699515554151,5.38639802531025,58.8254186419229,2.8119439794587,3.08827161275814,1,0.230431851318336,1.70924956063973,0.267644051781136,0.166779243456541,0.344664829484547,0.0711058657163312,1,1,1,0.99809104928956,0.998979575241095,1,1,0,0,T18,LOS,LOS,0,0,,,penetration_threshold
CP_caseB,B,CP,3,2.25,-1.75,1,1,1,-67.8266183257758,7.0376457029001,117.505497146777,3.02103985670593,3.21480356629659,1,0.540716991187168,1.71996713606137,0.288905479491629,0.136615346354216,0.393903327536546,0.127797485413966,1,1,1,0.999544157371846,0.999458487254706,1,1,0,0,T17,LOS,LOS,0,0,,,penetration_threshold
CP_caseB,B,CP,31,2.25,0.25,1,1,1,-63.9671444425505,6.79429647951876,73.9153801417507,2.19008542335247,2.29560304176297,1,0.651793810434081,0.70997939662816,0.304704216716531,0.242966482585243,0.31032410626466,0.212410519007562,1,1,1,0.999630835576115,0.999627374223768,1,1,0,0,T21,LOS,LOS,0,0,,,penetration_threshold
CP_caseB,B,CP,38,2.25,0.75,1,1,1,-66.9157543495037,4.82591584750012,38.2509893245467,2.71545875131745,3.35691218131493,1,1.3176366369459,0.373194531726614,0.402030678937979,0.171974989978139,0.376249681853353,0.215742494905161,1,1,1,0.96997223360311,0.989261181128665,1,1,0,0,T22,LOS,LOS,0,0,,,penetration_threshold
CP_caseB,B,CP,45,2.25,1.25,1,1,1,-68.9647796553529,4.27257169958632,36.7754361090631,3.78098158626884,4.34243706303411,1,1.37484941959414,-0.0503832617373541,0.345614187564115,0.0838113016960008,0.219455698218455,0.151173733395314,1,1,1,0.929427868266368,0.910087432758289,1,1,0,0,T23,LOS,LOS,0,0,,,penetration_threshold
CP_caseB,B,CP,52,2.25,1.75,1,1,1,-72.1265611084104,4.74935311849544,42.4539622955857,5.00204512243115,5.74730913037209,1,1.21027951008887,-0.114475078338371,0.381335959452624,0.175462632506741,0.0841121066608804,0.0385475411945588,1,1,1,0.880924782387345,0.904305053335876,1,1,0,0,T24,LOS,LOS,0,0,,,penetration_threshold
CP_caseB,B,CP,25,3,-0.25,1,1,1,-66.5637031120575,4.84489095578825,34.2785666356618,3.25970659917789,4.95003343677382,1,0.397215052363639,1.31057134625762,0.282946084800309,0.131752565443043,0.321329237725806,0.225120034244462,1,1,1,0.989639715909154,0.978041299910658,1,1,0,0,T28,NLOS,LOS,0.592,1,glass_partition_1,glass,penetration_threshold
CP_caseB,B,CP,18,3,-0.75,1,1,1,-65.9664985701891,5.70594140965465,59.5356930546302,2.62264968111656,2.96948332955666,1,0.290845509357814,1.40353421689952,0.393902129299843,0.225041565147198,0.444701616080999,0.111507253576831,1,1,1,0.99680277866068,0.999154905780366,1,1,0,0,T27,NLOS,LOS,0.607,1,glass_partition_1,glass,penetration_threshold
CP_caseB,B,CP,11,3,-1.25,1,1,1,-65.5733167241172,4.69866584833269,46.4022328337043,2.54386609271763,2.42315424073445,1,0.351200682314462,1.52033750254291,0.257882967570354,0.17044835804586,0.308009264553804,0.107253278127376,1,1,1,0.994561358890225,0.996185531211677,1,1,0,0,T26,LOS,LOS,0,0,,,penetration_threshold
CP_caseB,B,CP,4,3,-1.75,1,1,1,-67.1094609243408,3.86580733880332,38.2258229300583,2.68047180191423,2.23710744687014,1,0.545836097636117,1.63962328576024,0.231465167346482,0.0940622630291847,0.407568030438079,0.18361704272494,1,1,1,0.960596083740879,0.951702166831762,1,1,0,0,T25,LOS,LOS,0,0,,,penetration_threshold
CP_caseB,B,CP,32,3,0.25,1,1,1,-67.0725235630371,5.84816169887017,47.8576209420069,2.66115554044344,3.87583098612483,1,0.671333453896976,0.927878507360356,0.330360261630045,0.175688511911301,0.291546495703209,0.140313206622492,1,1,1,0.985374515875721,0.990271896501158,1,1,0,0,T29,NLOS,LOS,0.592,1,glass_partition_1,glass,penetration_threshold
CP_caseB,B,CP,39,3,0.75,1,1,1,-67.2906864532241,4.41282137282436,29.7456615579942,3.00416462019391,4.06519433685934,1,0.97906454401422,0.548388845532686,0.434588377105616,0.198584342266901,0.405315578537845,0.150184476745376,1,1,1,0.947166976659828,0.985684091982871,1,1,0,0,T30,NLOS,LOS,0.607,1,glass_partition_1,glass,penetration_threshold
CP_caseB,B,CP,46,3,1.25,1,1,1,-67.9824320808553,5.11711324757654,45.0355622724131,2.63679102010351,2.82860969596971,1,1.46063378293863,0.390405125575921,0.305964214422405,0.140827567141875,0.257540211907298,0.0854215663319223,1,1,1,0.976071742859274,0.989728837116481,1,1,0,0,T31,LOS,LOS,0,0,,,penetration_threshold
CP_caseB,B,CP,53,3,1.75,1,1,1,-70.8420475864524,3.69982931109764,37.1697766780992,4.22991016270801,4.62049634014805,1,1.38774257590279,-0.18823403980718,0.394256727244182,0.0973480498167597,0.219253933224328,0.0347298302025358,1,1,1,0.847212235874632,0.968431148201287,1,1,0,0,T32,LOS,LOS,0,0,,,penetration_threshold
CP_caseB,B,CP,26,3.75,-0.25,1,1,1,-69.4773612590536,3.84822858121914,20.3221151140974,3.15758197962636,4.13726363458185,1,0.505888337408846,0.977799680404893,0.383034663179524,0.114491064960275,0.402092573805661,0.0669346590237122,1,1,1,0.820714008330228,0.928130941046035,1,1,0,0,T36,NLOS,LOS,0.581,1,glass_partition_1,glass,penetration_threshold
CP_caseB,B,CP,19,3.75,-0.75,1,1,1,-68.3241244135102,3.66879269741274,18.6834360285822,3.10177950100038,3.84127488441968,1,0.280243320831364,1.44775780585459,0.268898192628369,0.0602121226334828,0.24887021833512,0.0488221310054283,1,1,1,0.860047722259494,0.875062279988658,1,1,0,0,T35,NLOS,LOS,0.59,1,glass_partition_1,glass,penetration_threshold
CP_caseB,B,CP,12,3.75,-1.25,1,1,1,-68.2505247216528,4.40826636247585,36.7530289883864,2.88406841736721,2.68618618971753,1,0.563703933128707,1.4507610635488,0.30265990656672,0.183864254544861,0.382409941292719,0.0634374451364658,1,1,1,0.950616086663804,0.976173807545544,1,1,0,0,T34,LOS,LOS,0,0,,,penetration_threshold
CP_caseB,B,CP,5,3.75,-1.75,1,1,1,-67.6990592278524,6.33506965757456,90.5083343824969,2.82605151312571,2.87718170979988,1,-0.15801076725729,1.63498260232158,0.291019649612112,0.0598863181393882,0.259804886101057,0.111857716448311,1,1,1,0.99864759263362,0.996484520279309,1,1,0,0,T33,LOS,LOS,0,0,,,penetration_threshold
CP_caseB,B,CP,33,3.75,0.25,1,1,1,-69.8247882614176,3.69577973784391,18.671095642751,3.33560791354666,4.60108812575063,1,0.677812645033558,0.833016250848919,0.355555157692281,0.11974746909661,0.419902457229667,0.0638414139804751,1,1,1,0.769501153535182,0.926024393808996,1,1,0,0,T37,NLOS,LOS,0.581,1,glass_partition_1,glass,penetration_threshold
CP_caseB,B,CP,40,3.75,0.75,1,1,1,-68.9134157640688,3.68997091219597,19.1887361484877,3.42453162121478,4.51709589174307,1,0.596792308719203,0.995004402860803,0.262294535076014,0.0561778243763438,0.223516871879921,0.0496806859619725,1,1,1,0.833658446643675,0.758692206866388,1,1,0,0,T38,NLOS,LOS,0.59,1,glass_partition_1,glass,penetration_threshold
CP_caseB,B,CP,47,3.75,1.25,1,1,1,-67.6901677337929,6.19483424071738,57.4760975018199,2.77549721185285,3.62431068216462,1,1.20130833031312,0.866423138351703,0.365722704190527,0.200405565744121,0.248404995686619,0.0495344506209514,1,1,1,0.992089991484067,0.99778238972852,1,1,0,0,T39,LOS,LOS,0,0,,,penetration_threshold
CP_caseB,B,CP,54,3.75,1.75,1,1,1,-69.8245784950111,5.92243121739278,63.8050261700965,2.92190946248597,3.67442803487265,1,1.33067575091962,0.753471036840276,0.300771628697052,0.0707750839106431,0.248728384698669,0.0550433377956606,1,1,1,0.979183732962587,0.979824646105968,1,1,0,0,T40,LOS,LOS,0,0,,,penetration_threshold
CP_caseB,B,CP,27,4.5,-0.25,1,1,1,-69.3753714551306,4.294496667726,33.8797419165234,3.19067909879721,3.36079238766382,1,0.515458178231592,1.59104779240739,0.266820511546719,0.105076683274994,0.285509240761734,0.0940960547568524,1,1,1,0.948115184526072,0.968849107744674,1,1,0,0,T44,NLOS,LOS,0.575,1,glass_partition_1,glass,penetration_threshold
CP_caseB,B,CP,20,4.5,-0.75,1,1,1,-72.1882295599056,3.73723940872915,21.2653517023651,3.69982467486236,4.5503013831694,1,0.476477226744233,1.33684738869799,0.291184810313472,0.0751683528243467,0.264265760933308,0.036213725609557,1,1,1,0.624161736138827,0.773552267398894,1,1,0,0,T43,NLOS,LOS,0.581,1,glass_partition_1,glass,penetration_threshold
CP_caseB,B,CP,13,4.5,-1.25,1,1,1,-79.5775722643392,1.36507328808805,5.18453524907741,7.87737914978815,6.86967531409808,1,-0.572306602282194,0.723815994134112,0.110266481291145,0.0197099774910406,0.217150772381158,0.00428737540841256,1,1,1,0.0322566480446201,0.0135730356538663,0,0,0,0,T42,NLOS,LOS,0.594,1,glass_partition_1,glass,penetration_threshold
CP_caseB,B,CP,6,4.5,-1.75,1,1,1,-67.7422121002213,6.57181998346424,65.9154294316696,2.68539279253602,3.4148537790324,1,-0.237459758088597,1.78932216944281,0.32937558198004,0.0731759344509683,0.342947339628986,0.0704636486060411,1,1,1,0.992984019895695,0.995808410648383,1,1,0,0,T41,LOS,LOS,0,0,,,penetration_threshold
CP_caseB,B,CP,34,4.5,0.25,1,1,1,-69.7893066223102,4.36865895755983,32.4408504948419,3.51637963163677,4.12841148700087,1,0.603603974005773,1.41458454118775,0.268033537785275,0.115027820810366,0.282691882289536,0.145435415304258,1,1,1,0.887856527187555,0.921875270436799,1,1,0,0,T45,NLOS,LOS,0.575,1,glass_partition_1,glass,penetration_threshold
CP_caseB,B,CP,41,4.5,0.75,1,1,1,-72.5626731502278,3.25010373387262,15.2204859479717,4.50539313522802,6.48410923625881,1,0.834906508478982,0.830218619628539,0.281128160584015,0.0829938389790611,0.211744341657656,0.0198005616686072,1,1,1,0.474512670300438,0.648257661149824,0,1,1,0,T46,NLOS,LOS,0.581,1,glass_partition_1,glass,penetration_threshold
CP_caseB,B,CP,48,4.5,1.25,1,1,1,-78.7873922111837,2.10215534213829,9.64964717720941,6.78749658799395,6.50598260563722,1,0.74312312454814,-0.0745341130193276,0.271713055597154,0.0399945099567416,0.0938140953733848,0.00515276903765665,1,1,1,0.0375859557111894,0.0295805637808986,0,0,0,0,T47,NLOS,LOS,0.594,1,glass_partition_1,glass,penetration_threshold
CP_caseB,B,CP,55,4.5,1.75,1,1,1,-67.83441936583,5.80196609102199,51.4281521130845,2.74198645485096,3.36180026895769,1,1.22136552635994,1.01598033330458,0.372126433453531,0.220163426603674,0.390723972739401,0.0769565308958647,1,1,1,0.990576427347422,0.998261744821805,1,1,0,0,T48,LOS,LOS,0,0,,,penetration_threshold
CP_caseB,B,CP,28,5.25,-0.25,1,1,1,-71.2188952678562,4.63873203998245,30.9336761230833,3.93830863655953,5.07672465283681,1,0.590122971441305,1.3821215164367,0.229622731599216,0.128994061839278,0.345805801062266,0.0535418470093357,1,1,1,0.836915933077115,0.893597696070932,1,1,0,0,T52,NLOS,LOS,0.571,1,glass_partition_1,glass,penetration_threshold
CP_caseB,B,CP,21,5.25,-0.75,1,1,1,-69.948624341546,5.61433619243405,58.1368402170763,3.00026448879332,3.64760989876815,1,0.344610380479224,1.35988788596023,0.256062380177489,0.100261224845175,0.282366441438311,0.0542168238813563,1,1,1,0.968386459702969,0.975820827480199,1,1,0,0,T51,NLOS,LOS,0.576,1,glass_partition_1,glass,penetration_threshold
CP_caseB,B,CP,14,5.25,-1.25,1,1,1,-72.1243624308547,3.88136665191131,29.4908980631564,5.00263108957352,5.12006511838833,1,0.427744337345077,1.12962684062055,0.237465697494454,0.0748005757895936,0.420462969179573,0.0371050232720352,1,1,1,0.740771487909148,0.817789383759012,1,1,0,0,T50,NLOS,LOS,0.585,1,glass_partition_1,glass,penetration_threshold
CP_caseB,B,CP,7,5.25,-1.75,0,1,1,-73.7402802971616,2.72371169685281,15.3176034473175,3.9908321089995,4.0913286522249,1,0.19380489157641,0.686988654440719,0.206336340096606,0.125680842623223,0.365608043985741,0.217493876556104,0,1,1,0.449522425484583,0.550779267688085,0,1,0,1,T49,NLOS,NLOS,160674.598,1,metal_cabinet_1,metal,hard_block_material
CP_caseB,B,CP,35,5.25,0.25,1,1,1,-71.6879139498598,4.79687718351834,32.1277094940016,3.56793076329139,5.20001475983353,1,0.628084556326829,1.30376945544452,0.299072159277254,0.164243013963661,0.34335532041642,0.0785907267458981,1,1,1,0.817791862422006,0.951417151269475,1,1,0,0,T53,NLOS,LOS,0.571,1,glass_partition_1,glass,penetration_threshold
CP_caseB,B,CP,42,5.25,0.75,1,1,1,-70.1277555828436,4.37538385455254,28.3848622831596,3.6335222866617,5.14620099884106,1,0.753323117115444,1.15020500338267,0.255681941256211,0.106347316270742,0.251716125721256,0.0609708799526204,1,1,1,0.877522278982317,0.908000625100095,1,1,0,0,T54,NLOS,LOS,0.576,1,glass_partition_1,glass,penetration_threshold
CP_caseB,B,CP,49,5.25,1.25,1,1,1,-70.5483284301818,4.17917129834991,22.7599334868419,3.7512759461097,5.75175564506369,1,1.12382323391284,0.945755492132702,0.387993758671541,0.0596215057014782,0.207508699657263,0.025600006339778,1,1,1,0.800825288140138,0.866924645726096,1,1,0,0,T55,NLOS,LOS,0.585,1,glass_partition_1,glass,penetration_threshold
CP_caseB,B,CP,56,5.25,1.75,1,1,1,-67.0325631715865,6.67513274855874,61.9288057313439,2.64541967022624,3.46807422602032,1,0.892737462055846,1.02688142982812,0.419068027303834,0.135769079632693,0.253929411047466,0.0506734281775527,1,1,1,0.996558218524996,0.997530344573134,1,1,0,0,T56,LOS,LOS,0,0,,,penetration_threshold
